{
  "LogisticRegression": {
    "roc_auc": 0.6780960901753907,
    "pr_auc": 0.43724415189755217
  },
  "RandomForest": {
    "roc_auc": 0.7622992866877351,
    "pr_auc": 0.5109861930117731
  },
  "LightGBM": {
    "roc_auc": 0.7598020567737411,
    "pr_auc": 0.5080190878040058
  }
}