{
  "LogisticRegression": {
    "roc_auc": 0.7391042611832698,
    "pr_auc": 0.4919241239733895
  },
  "RandomForest": {
    "roc_auc": 0.7644954395780987,
    "pr_auc": 0.5160457925742437
  },
  "LightGBM": {
    "roc_auc": 0.7659280953241786,
    "pr_auc": 0.5129090130623701
  }
}